<?xml version="1.0" encoding="UTF-8" ?>
<!DOCTYPE configuration PUBLIC "-//mybatis.org//DTD Config 3.0//EN"
"http://mybatis.org/dtd/mybatis-3-config.dtd">
<configuration>
		
	<typeAliases>
	   <typeAlias alias="bdto"  type="net.hb.crud.BoardDTO"/>
	   <typeAlias alias="qdto"  type="net.hb.crud.QnADTO"/>
	</typeAliases>
	
	<mappers>
		<mapper resource="config/mybatis/board.xml"/>
		<mapper resource="config/mybatis/QnA.xml"/>
		<mapper resource="config/mybatis/login.xml"/>
		<mapper resource="config/mybatis/reply.xml"/>
		<mapper resource="config/mybatis/customer.xml"/>
	</mappers>
</configuration>