<?xml version="1.0" encoding="UTF-8" ?>
<!DOCTYPE mapper
PUBLIC "-//mybatis.org//DTD Mapper 3.0//EN"
"http://mybatis.org/dtd/mybatis-3-mapper.dtd">
<mapper namespace="board_reply">
	
	<insert id="add" parameterType="net.hb.crud.reply.BoardReplyDTO">
		insert into hobby_reply
		values( hobby_reply_seq.nextVal, #{rwriter}, #{rmemo}, #{hobby_idx} )     
	</insert>
	
	<select id="selectAll" parameterType="int" resultType="net.hb.crud.reply.BoardReplyDTO">
		select rownum rrn, hr.* from hobby_reply hr where hobby_idx = #{hobby_idx} 
	</select>
	
	<select id="selectAll234" parameterType="int" resultType="net.hb.crud.reply.BoardReplyDTO">
	    select rownum  rrn, r.rhobby_idx, r.rwriter, r.rmemo, h.hobby_idx from hobby h
	    inner join hobby_reply r
	    on h.hobby_idx = r.hobby_idx  and r.hobby_idx =  #{hobby_idx} 
	</select>
	
		
	<delete id="del" parameterType="int">
		delete from hobby_reply where rhobby_idx = #{rhobby_idx}
	</delete>
	
	<select id="detail" parameterType="int" resultType="net.hb.crud.reply.BoardReplyDTO">
		select * from hobby_reply where rhobby_idx = #{rhobby_idx}
	</select>
	
	<update id="edit" parameterType="net.hb.crud.reply.BoardReplyDTO">
		update hobby_reply set rwriter=#{rwriter}, rmemo=#{rmemo}
		where rhobby_idx = #{rhobby_idx}
	</update>
	
	
</mapper>















