<?xml version="1.0" encoding="UTF-8"?>
<beans xmlns="http://www.springframework.org/schema/beans"
	xmlns:xsi="http://www.w3.org/2001/XMLSchema-instance"
	xmlns:context="http://www.springframework.org/schema/context"
	xmlns:mybatis-spring="http://mybatis.org/schema/mybatis-spring"
	xsi:schemaLocation="http://www.springframework.org/schema/beans http://www.springframework.org/schema/beans/spring-beans.xsd
		http://mybatis.org/schema/mybatis-spring http://mybatis.org/schema/mybatis-spring-1.2.xsd
		http://www.springframework.org/schema/context http://www.springframework.org/schema/context/spring-context-3.1.xsd">
    

  <!-- Database, transaction 설정 파일 -->
    <bean id="propertyConfigurer"
          class="org.springframework.beans.factory.config.PropertyPlaceholderConfigurer">
        <property name="locations">
            <list>
                <value>classpath:/db.properties</value>
            </list>
        </property>
    </bean>
  <!-- 
  #####################################################
  # DataSource
  #####################################################
 -->
 
 <!-- ORACLE 
    <bean id="dataSource" class="org.apache.commons.dbcp.BasicDataSource" destroy-method="close">
        <property name="driverClassName" value="${Globals.DriverClassName}"/>
        <property name="url" value="${Globals.Url}"/>
        <property name="username" value="${Globals.UserName}"/>
        <property name="password" value="${Globals.Password}"/>
        <property name="minIdle" value="50"/>
        <property name="maxIdle" value="50"/>
        <property name="maxActive" value="100"/> 
    </bean>
   -->
    
 <!-- mysql -->
	<bean id="dataSource" class="org.apache.commons.dbcp.BasicDataSource" destroy-method="close">
		<property name="driverClassName" value="${Globals.DriverClassName}"/>
		<!-- <property name="url" value="jdbc:mysql://danbilanguage.com:3306/dbda0987" /> -->
		<property name="url" value="jdbc:mysql://localhost:3306/dbda0987"/>
		<property name="username" value="${Globals.UserName}"/>
		<property name="password" value="${Globals.Password}"/>
		<property name="validationQuery" value="select 1"/>
		<property name="testOnBorrow" value="true"/>
	</bean>
	
  <!-- 
  #####################################################
  # Spring JDBC setting
  #####################################################
 --> 
    <bean id="JdbcTemplate" class="org.springframework.jdbc.core.JdbcTemplate">
        <property name="dataSource" ref="dataSource"/>
    </bean>
  <!-- 
  #####################################################
  # myBatis setting
  #####################################################
 --> 
 	<bean id="factoryBean" class="org.mybatis.spring.SqlSessionFactoryBean">
 		<property name="dataSource" ref="dataSource"/>
        <property name="configLocation"   value="classpath:config/mybatis/SqlMapConfig.xml"/>
    </bean>
    
    <!-- 아래태그없으면  에러발생  -->
	<bean id="sqlSession" class="org.mybatis.spring.SqlSessionTemplate">
		<constructor-arg ref="factoryBean" />
	</bean>
	
</beans>




